Model,edu_middle_coef,edu_middle_se,edu_high_coef,edu_high_se,log_pce_low_coef,log_pce_low_se,Gender
Model 1 (Base),-1.644173793014932,0.20002482264861346,-2.4733920277782673,0.22975106169904447,0.1131844928454265,0.10361597757665603,Male
Model 2 (+Bio),-1.6419784410010776,0.200070542167393,-2.4711535331333967,0.22977862038531952,0.11194975735021043,0.10378092347527054,Male
Model 3 (+Family),-1.6420401804119684,0.20007864705817466,-2.470539408376289,0.22977947618152889,0.11229296423893015,0.10378825040518883,Male
Model 4 (+Health),-1.3190632810117684,0.19233349725921986,-1.901474152860637,0.22177096448798447,0.08806786540142748,0.09955173366448952,Male
Model 1 (Base),-1.1616934021428182,0.22533390238863638,-2.1284947015565066,0.28255762467498424,0.012574613754745596,0.11069713850999144,Female
Model 2 (+Bio),-1.1626548459684263,0.22534777591760605,-2.1295684667236063,0.28260437240558084,0.012162753018808684,0.1106832447756356,Female
Model 3 (+Family),-1.1602179693556847,0.2254864975154429,-2.1292698084403754,0.2825749675159599,0.01440710958001173,0.11065162892645854,Female
Model 4 (+Health),-0.9695547210804764,0.2189506254536649,-1.7592191821959897,0.2721964335185925,-0.0354597099320602,0.1074365545808327,Female
