Model,edu_primary_coef,edu_primary_se,edu_junior_high_plus_coef,edu_junior_high_plus_se,log_pce_low_coef,log_pce_low_se,Gender
Model 1 (Base),-0.741968136026857,0.2776633713968848,-1.8102375181599304,0.28221714872972103,-0.3086551839153555,0.15072312006967453,Male
Model 2 (+Childhood),-0.741968136026857,0.2776633713968848,-1.8102375181599304,0.28221714872972103,-0.3086551839153555,0.15072312006967453,Male
Model 3 (+Family),-0.741968136026857,0.2776633713968848,-1.8102375181599304,0.28221714872972103,-0.3086551839153555,0.15072312006967453,Male
Model 4 (+Health),-0.7303814376720804,0.2579318881430216,-1.4651684092285702,0.25857753524339655,-0.2794457656312097,0.141738933020695,Male
Model 1 (Base),-0.7216445984636516,0.2300527854253806,-1.5089105286472937,0.2396967751857071,-0.03657986360436471,0.15426429903178088,Female
Model 2 (+Childhood),-0.7216445984636516,0.2300527854253806,-1.5089105286472937,0.2396967751857071,-0.03657986360436471,0.15426429903178088,Female
Model 3 (+Family),-0.7216445984636516,0.2300527854253806,-1.5089105286472937,0.2396967751857071,-0.03657986360436471,0.15426429903178088,Female
Model 4 (+Health),-0.6836405357874887,0.22148017857867186,-1.3296545766590449,0.2246237303146606,-0.16936444284063426,0.14650821551008364,Female
