Gender,age_group,N,Mean_Score,Std_Score,High_Depression_Pct
Male,45-54,2402.0,6.597508029023433,5.571374465976544,25.85345545378851
Male,55-64,2871.0,7.551721373560454,5.991764645301775,30.68617206548241
Male,65-74,1554.0,8.210189781618354,5.996386567068905,35.585585585585584
Male,75+,638.0,8.4893951833607,6.232722806104358,36.05015673981191
Female,45-54,3036.0,8.414004172156346,6.312992722517055,37.1870882740448
Female,55-64,3046.0,9.814456117312323,6.750388846431526,46.42153644123441
Female,65-74,1465.0,10.206173140473481,6.77445625518827,48.9419795221843
Female,75+,694.0,10.9157060518732,7.102434895790806,53.31412103746398
